,fastq_id,ssto,insertion_orientation,dna_split_site_middle,aa_split_site_middle,productive_insertion
0,A00627:119:HJ57YDSXY:1:1101:12084:1157,N_sign_FW,FW,405.5,135.5,True
0,A00627:119:HJ57YDSXY:1:1101:7735:1172,N_sign_RV,RV,309.5,0.0,False
0,A00627:119:HJ57YDSXY:1:1101:13602:1219,C_sign_RV,FW,375.5,125.5,True
0,A00627:119:HJ57YDSXY:1:1101:7374:1454,N_sign_FW,FW,545.5,182.17,False
0,A00627:119:HJ57YDSXY:1:1101:10203:1470,C_sign_RV,RV,119.5,0.0,False
0,A00627:119:HJ57YDSXY:1:1101:10438:1595,N_sign_FW,RV,552.5,0.0,False
0,A00627:119:HJ57YDSXY:1:1101:14751:1861,N_sign_FW,RV,628.5,0.0,False
0,A00627:119:HJ57YDSXY:1:1101:25418:1924,N_sign_FW,RV,650.5,0.0,False
0,A00627:119:HJ57YDSXY:1:1101:8838:1955,N_sign_RV,FW,85.5,28.83,False
0,A00627:119:HJ57YDSXY:1:1101:10610:1955,N_sign_FW,FW,631.5,210.83,False
0,A00627:119:HJ57YDSXY:1:1101:27353:1955,N_sign_RV,FW,228.5,76.5,True
0,A00627:119:HJ57YDSXY:1:1101:27371:1955,N_sign_RV,FW,228.5,76.5,True
0,A00627:119:HJ57YDSXY:1:1101:20329:2033,N_sign_FW,RV,277.5,0.0,False
0,A00627:119:HJ57YDSXY:1:1101:22688:2049,N_sign_RV,FW,251.5,84.17,False
0,A00627:119:HJ57YDSXY:1:1101:10167:2065,N_sign_RV,FW,645.5,215.5,True
0,A00627:119:HJ57YDSXY:1:1101:22155:2159,N_sign_RV,FW,370.5,123.83,False
0,A00627:119:HJ57YDSXY:1:1101:2184:2206,N_sign_RV,FW,94.5,31.83,False
0,A00627:119:HJ57YDSXY:1:1101:6867:2206,N_sign_FW,FW,453.5,151.5,True
0,A00627:119:HJ57YDSXY:1:1101:23032:2394,C_sign_RV,RV,276.5,0.0,False
